{
  "train": {
    "A": 0.001651650516867834,
    "B": 0.0015966916143010299,
    "Fex_real": 0.0580661063810814,
    "Fex_imag": 0.015022565206283423,
    "relative_A": 4.827084726830985e-09,
    "relative_B": 4.831633415014381e-09,
    "relative_Fex_real": 7.450668368080998e-09,
    "relative_Fex_imag": 2.9541150068635987e-09
  },
  "val": {
    "A": 0.0020456645658460714,
    "B": 0.0021215599061979655,
    "Fex_real": 0.05700351345790463,
    "Fex_imag": 0.01886996709704215,
    "relative_A": 6.4894545559094945e-09,
    "relative_B": 6.675620247508158e-09,
    "relative_Fex_real": 7.859283896615475e-09,
    "relative_Fex_imag": 3.984917970889159e-09
  }
}