{
  "ridge": 1e-10,
  "weights": [
    [
      31939.375547678883,
      24212.169463739814,
      882595.19925931,
      300147.04807141476
    ],
    [
      -19.047362185699413,
      23910.75549092857,
      8329.80176093855,
      140.63085174410372
    ],
    [
      79856.07162419958,
      23982.37922502965,
      454812.73250255914,
      150663.13931804395
    ],
    [
      24195.799985125643,
      17801.937576702152,
      313100.72172201076,
      149231.56903521405
    ],
    [
      -6.115604182775494,
      -2.2264466957447318,
      450335.746774689,
      750029.1999114095
    ],
    [
      8.52195688205879,
      3.550002559443325,
      599493.4119123735,
      -40.7173219623828
    ],
    [
      239.58471451261065,
      23897.480123317364,
      303652.0556669079,
      298974.35696520144
    ],
    [
      11452.633922443389,
      9374.75495831847,
      1032540.877165049,
      365857.3002995009
    ],
    [
      -360.9832924683271,
      13556.534096806627,
      9865.69636155223,
      1968.7344373361173
    ],
    [
      49948.84359641723,
      14664.015344024176,
      256836.3904905417,
      136993.1959873164
    ],
    [
      13318.53543734041,
      7865.583234537678,
      397701.5214798478,
      125136.75162872103
    ],
    [
      3.169224995915698,
      85.63649444645885,
      389319.76897390204,
      744927.2078291747
    ],
    [
      49.85075379391268,
      -15.618395352509632,
      642268.529365393,
      -390.31529735426676
    ],
    [
      -60.71275758219944,
      14597.444882646923,
      256983.6032611835,
      249260.7272792912
    ],
    [
      6985.064037597776,
      9118.862912981705,
      476455.26775513875,
      225643.900675971
    ],
    [
      -104.39584819784696,
      7674.978764842129,
      -11501.613843494128,
      -2920.763929726349
    ],
    [
      42187.8800152636,
      14721.368403655822,
      243521.52457339776,
      133600.34397011102
    ],
    [
      9567.922315676089,
      8070.723545739967,
      215741.84180510775,
      118412.04471516021
    ],
    [
      17.161208899785645,
      89.96140995161201,
      238419.57966308625,
      444707.205849607
    ],
    [
      29.21509310043616,
      -22.209658864102305,
      343621.7447898066,
      -61.543941155399935
    ],
    [
      -117.51244558866648,
      14670.097233872,
      99422.75524315974,
      173177.40482550484
    ],
    [
      2716.9164359510505,
      20472.871519697495,
      8581.85249717164,
      -1319.1784965223396
    ],
    [
      -3.32883778969265,
      7976.467541381244,
      -2836.530429743183,
      -1908.896089901847
    ],
    [
      10170.869886214641,
      8874.37327816851,
      98834.92291281228,
      59384.620270418156
    ],
    [
      1854.946319409122,
      -3419.087760908061,
      78848.51092374006,
      44664.01991753882
    ],
    [
      18.200732780596926,
      101.25773906298772,
      -61218.80566984901,
      -5243.944350618876
    ],
    [
      27.24551420898808,
      -39.373464265895564,
      43077.76403975473,
      -134.12211898494834
    ],
    [
      67.45305868702596,
      8841.8520359206,
      -47350.79786326416,
      -51751.87381103392
    ],
    [
      -38.25764097767205,
      35878.434931941665,
      151699.02826508397,
      75266.55303325002
    ],
    [
      20.149783921581122,
      12056.743217122328,
      -824.4900718499563,
      -148.78007949782386
    ],
    [
      8016.733202238485,
      24028.816496224703,
      74492.23259340775,
      74855.51733460017
    ],
    [
      23.04564762863577,
      95.98716430490032,
      73756.59912762977,
      -134.49244285838347
    ],
    [
      1.0168295844719557,
      2.127068572659818,
      -34.49473275173453,
      149991.63882546505
    ],
    [
      -1.507571817442764,
      -3.231323770003374,
      150051.88233208208,
      12.284453869297526
    ],
    [
      -0.659280322963999,
      24032.286336767298,
      -302.93123249035864,
      44.08558005953881
    ],
    [
      7711.654652221896,
      11276.699974120696,
      320686.9600031773,
      151970.68998403332
    ],
    [
      180.2882049248846,
      6327.200146476336,
      -9941.813978207698,
      -1177.658784815135
    ],
    [
      16221.139664056393,
      12136.71538254469,
      144141.58705215238,
      73672.79853020608
    ],
    [
      12084.894442771809,
      603.5806521029042,
      134557.82599128236,
      74247.72693006913
    ],
    [
      11.971699484661544,
      11.074202873249414,
      149594.7063823181,
      299926.3839771623
    ],
    [
      -17.445199111772624,
      -17.004973698877638,
      300610.97097879864,
      107.37715769374867
    ],
    [
      -139.12123006819087,
      12241.20627556672,
      145853.96526230493,
      75692.11952461046
    ],
    [
      8156.502597302415,
      11422.604659909177,
      691561.6018700725,
      289603.114176337
    ],
    [
      -174.97582777431703,
      12273.363092484371,
      28230.850675552665,
      5360.234173405661
    ],
    [
      39622.09104154262,
      12149.651439998623,
      317038.4524982837,
      154157.5083885574
    ],
    [
      8194.91478711062,
      443.961685189069,
      343165.40790134284,
      156627.16351599013
    ],
    [
      -18.18691282741217,
      10.689756753607327,
      451167.092910248,
      450258.89929229487
    ],
    [
      25.977535698252648,
      -16.16337882229254,
      598242.7673473374,
      -384.63232177829656
    ],
    [
      439.5673998780775,
      12135.237603222793,
      161021.52611342457,
      150369.10465374935
    ],
    [
      3829.7922638489977,
      5749.620629734074,
      315085.1492437244,
      152394.32217673687
    ],
    [
      98.55102583568504,
      6113.213505280592,
      -7313.363083881177,
      -1250.5252307826083
    ],
    [
      16104.220443194978,
      12047.154856478834,
      145515.08511830933,
      73988.82907080279
    ],
    [
      74.70527310888531,
      209.09666102551813,
      138938.35957654275,
      73524.02806552743
    ],
    [
      5.873597192329358,
      3.8257634189570955,
      149694.80086113923,
      224937.93256727798
    ],
    [
      -8.613206671938713,
      -5.875506767736277,
      300459.15359864914,
      92.01369745708169
    ],
    [
      -44.96769511967606,
      6083.7374956737385,
      72277.26194638893,
      74990.9343580413
    ],
    [
      4002.3363825298425,
      5887.275196731741,
      297093.98760599486,
      148901.82072049758
    ],
    [
      4.553526587778955,
      6050.6133566552035,
      1449.2663818853598,
      503.32344729688845
    ],
    [
      16018.315738895275,
      12020.040476431668,
      150999.08892347623,
      75229.49683541265
    ],
    [
      3980.5214623060406,
      95.25030888650775,
      152004.6577621355,
      75895.92471515884
    ],
    [
      0.8146670558699249,
      1.6681409472574882,
      150064.92031435834,
      150017.80307337726
    ],
    [
      -1.1457615341587717,
      -2.569287325769808,
      224902.8998995153,
      -27.223903108619474
    ],
    [
      -27.26118189217773,
      6039.382369143988,
      75333.74914863394,
      75335.31240910447
    ],
    [
      10369.990571382896,
      19022.86713977387,
      747246.821605357,
      306473.4095875544
    ],
    [
      116.9585629509961,
      14062.43132527796,
      -1314.720987281261,
      1902.5153034474308
    ],
    [
      51767.39806754062,
      18261.107768776117,
      248040.698124792,
      104903.75801641215
    ],
    [
      12386.47486334512,
      6860.705833709508,
      356740.79689700634,
      133034.38427506713
    ],
    [
      -30.129958217049587,
      -201.85874763779097,
      272145.8417706346,
      610401.7919766814
    ],
    [
      -63.7153636270639,
      77.75732996262799,
      514283.4245448868,
      396.9156514629153
    ],
    [
      -171.22541390057606,
      18321.24271688876,
